country,legal,technical,organizational,capacity,cooperation,gci,iso3,year
Afghanistan,5.812230204081633,3.294138908524336,6.991943059984559,2.320334651404788,0.0,18.41864682399532,AFG,2024
Albania,20.0,18.378615933412604,19.465132154006245,12.077979891913667,16.58461017586758,86.5063381552001,ALB,2024
Algeria,19.179699591836737,8.565168179399144,11.020837669094693,14.06584158866772,13.192299096582182,66.02384612558048,DZA,2024
Andorra,18.041570612244897,15.296551724137933,13.880178980228928,11.58091378040348,17.695837487068562,76.4950525840838,AND,2024
Angola,13.666458775510204,1.7761403091557666,5.7956493236212285,3.067419518646571,15.3302172481896,39.63588517512337,AGO,2024
Antigua and Barbuda,11.839915939825072,0.0,0.0,2.366799113826324,3.993943383805136,18.20065843745653,ATG,2024
Argentina,16.958575907638483,12.180299666888942,12.083671759927498,1.889522215434192,8.41298330668673,51.52505285657585,ARG,2024
Armenia,17.21824326530612,8.690453459495334,2.8084245577523417,10.50083347803028,14.740933744004517,53.95888850458859,ARM,2024
Australia,20.0,17.953842789761307,20.0,19.441172509818404,18.847918743534283,96.242934043114,AUS,2024
Austria,18.42145142857143,18.23121983909773,17.55750364203954,18.34182635883321,16.590739349195903,89.14274061773781,AUT,2024
Azerbaijan,20.0,18.017574742040743,18.05497179953677,17.851749042596758,20.0,93.92429558417427,AZE,2024
"Bahamas, The",11.26004244897959,3.22451087293452,5.469347554630593,6.071698363666878,7.974399949939654,33.99999919015123,BHS,2024
Bahrain,20.0,20.0,20.0,20.0,17.938126728110603,97.9381267281106,BHR,2024
Bangladesh,17.44375020408163,20.0,20.0,19.519680332986475,20.0,96.96343053706808,BGD,2024
Barbados,14.91528573574344,3.012870392390013,4.172012486992715,6.530952277399217,7.974399949939654,36.60552084246504,BRB,2024
Belarus,18.610635102040817,2.782972651605232,11.971522267799005,9.057071295357662,19.105048732033136,61.52725004883585,BLR,2024
Belgium,20.0,18.1114556234368,19.51427927159209,19.193946305931323,20.0,96.8196812009602,BEL,2024
Belize,14.128281654110786,0.0,12.384499271592093,0.0,5.837619815668203,32.35040074137108,BLZ,2024
Benin,20.0,19.286690390231897,20.0,17.974240582726328,14.280447662936142,91.54137863589438,BEN,2024
Bhutan,14.176169795918367,16.43236410679042,13.139132154006244,9.87080768178309,7.14786043449638,60.766334172994505,BTN,2024
Bolivia,13.696566452244898,6.179424921070975,4.653336108220604,8.390830456983656,10.231579344278035,43.151737282798166,BOL,2024
Bosnia and Herzegovina,12.080342857142856,2.7210230179028128,5.953856399583767,4.250780252290962,8.602633311389072,33.60863583830947,BIH,2024
Botswana,19.51871673469388,16.53164608567927,15.12153629686818,13.47500812674969,14.108492429229756,78.75539967322078,BWA,2024
Brazil,20.0,20.0,17.292600811654523,19.252142076734582,20.0,96.54474288838912,BRA,2024
Brunei Darussalam,17.198568163265307,14.893936003936204,11.352845993756503,10.772472059346786,16.1799717859494,70.3977940062542,BRN,2024
Bulgaria,20.0,14.491320283734474,17.243453694068677,11.69541315216005,11.1265306122449,74.5567177422081,BGR,2024
Burkina Faso,14.176169795918367,12.70356285210546,15.164242455775232,11.76291287113558,16.58461017586758,70.39149815080222,BFA,2024
Burundi,9.903944189387754,0.0,0.0,1.0277760665972946,5.837619815668203,16.769340071653254,BDI,2024
Cabo Verde,17.35813182600583,7.915624256837099,12.052112526601992,2.193520862005305,12.023268268597764,51.54265774004799,CPV,2024
Cambodia,11.817213899008744,4.55804085448358,8.30153342351717,6.192148579101072,6.218385615536538,37.08732237164711,KHM,2024
Cameroon,17.917466122448978,6.179424921070975,12.85575338189386,14.253503632640731,14.327430781529202,65.53357883958375,CMR,2024
Canada,18.902734693877548,15.296551724137933,20.0,18.97863059313216,20.0,93.17791701114764,CAN,2024
Central African Republic,4.757965714285714,0.0,0.0,0.0,0.0,4.757965714285714,CAF,2024
Chad,12.939832631603498,3.167626634958383,11.344627471383973,6.945458322312109,14.280447662936142,48.677992723194095,TCD,2024
Chile,14.688914704606413,13.810623067776458,13.413607055150884,11.525108633345644,16.8008862191017,70.23913967998111,CHL,2024
China,20.0,17.142779941063953,18.34130963713873,18.54685587513008,17.695837487068562,91.72678294040132,CHN,2024
Colombia,13.372845714285711,16.222911246873593,10.91478553522876,14.984642479138,10.231579344278035,65.7267643198041,COL,2024
Comoros,18.029462857142857,7.915624256837099,7.292175753751133,4.470783653586655,1.5158657011191576,39.2239122224369,COM,2024
"Congo, Dem. Rep.",17.275755102040815,5.454933201033253,14.509185120338358,9.066332749622372,10.44630974325214,56.75251591628694,COD,2024
"Congo, Rep.",14.117526530612244,0.0,3.89726951092612,0.7183966701352758,8.869351217906518,27.60254392958016,COG,2024
Costa Rica,18.684795102040816,9.314981613022264,18.12304058272633,12.151167048303185,16.8008862191017,75.07487056519429,CRI,2024
Cote d'Ivoire,19.43093551020408,15.296551724137933,17.892576482830385,11.260739699372294,15.068744474748426,78.94954789129312,CIV,2024
Croatia,20.0,17.925652911405386,19.34080853277836,16.733849364438928,14.280447662936142,88.28075847155881,HRV,2024
Cuba,20.0,14.65307302532828,14.3280551508845,16.97739189365916,6.926962146148783,72.88548221602072,CUB,2024
Cyprus,20.0,19.378612220867254,20.0,18.63479425544628,20.0,98.01340647631352,CYP,2024
Czechia,20.0,15.296551724137933,20.0,18.35703627860764,14.280447662936142,87.9340356656817,CZE,2024
Denmark,20.0,20.0,20.0,20.0,20.0,100.0,DNK,2024
Djibouti,11.83533699265306,3.5357083406453738,5.572168574401665,1.6714572320499488,8.869351217906518,31.484022357656563,DJI,2024
Dominica,6.69020119510204,0.0,0.0,8.17702169863382,7.974399949939654,22.84162284367552,DMA,2024
Dominican Republic,18.48377511276968,15.7415914436291,18.36936707596254,10.796594232620592,12.436771231073076,75.82809909605498,DOM,2024
Ecuador,19.212995918367348,17.89268356450578,18.60444016649324,13.704083573159682,17.695837487068562,87.11004070959461,ECU,2024
"Egypt, Arab Rep.",20.0,20.0,20.0,20.0,20.0,100.0,EGY,2024
El Salvador,12.99923349084548,0.0,15.148277835587926,1.015076036655366,8.131198229166666,37.29378559225543,SLV,2024
Equatorial Guinea,6.616265168979592,1.391486325802616,6.430008324661811,2.1358318649256494,8.869351217906518,25.442942902276187,GNQ,2024
Eritrea,1.7578151314285717,0.0,0.0,0.0,0.4474756339834321,2.205290765412004,ERI,2024
Estonia,20.0,15.296551724137933,20.0,19.74051696149844,20.0,95.03706868563636,EST,2024
Eswatini,18.20351183673469,14.962901562200646,18.35806451612903,10.208989046624822,17.695837487068562,79.42930444875775,SWZ,2024
Ethiopia,18.83311510204081,14.365903136324404,12.122301123829343,15.496356653217418,15.689658907900718,76.5073349233127,ETH,2024
Fiji,13.421854543673469,1.391486325802616,15.707591050988556,8.768948605417746,14.541920436377318,53.831800962259706,FJI,2024
Finland,20.0,20.0,20.0,20.0,20.0,100.0,FIN,2024
France,20.0,18.9776674861618,20.0,20.0,20.0,98.9776674861618,FRA,2024
Gabon,20.0,0.0,5.51171696149844,4.883487349065154,9.453866631898729,39.84907094246232,GAB,2024
"Gambia, The",14.773925585539358,10.335372602402725,15.768445369406868,8.700792605552014,12.15400465531835,61.73254081821932,GMB,2024
Georgia,20.0,19.25009637655817,16.34848699271592,16.477799277902726,20.0,92.0763826471768,GEO,2024
Germany,20.0,17.931305843154526,20.0,19.92299508442147,20.0,97.854300927576,DEU,2024
Ghana,20.0,20.0,20.0,19.272152341311138,20.0,99.27215234131114,GHA,2024
Greece,20.0,20.0,19.21875650364204,17.972595865328458,20.0,97.1913523689705,GRC,2024
Grenada,13.798345327580176,4.55804085448358,0.0,2.366799113826324,3.993943383805136,24.71712867969521,GRD,2024
Guatemala,6.992707813877551,3.765606081430154,12.578895296566074,8.671321164647043,7.974399949939654,39.98293030646048,GTM,2024
Guinea,16.266271020408162,3.978318668252081,14.382998959417272,9.899011313752478,12.023268268597764,56.54986823042776,GIN,2024
Guinea-Bissau,0.0,0.0,0.0,0.0,6.431647300855827,6.431647300855827,GNB,2024
Guyana,16.52259022553936,7.955565230226743,5.876344432882413,8.50693261347387,8.518474233116635,47.37990673523902,GUY,2024
Haiti,6.490589688163265,0.0,6.374720083246618,1.8030099861031847,9.612451299511742,24.28077105702481,HTI,2024
Holy See (Vatican City State),1.4060130612244897,0.0,3.615648283038502,0.0,1.1285896971691904,6.150251041432183,VAT,2024
Honduras,17.436182857142857,0.0,3.1617741935483865,1.3843804370447446,6.094324498916503,28.07666198665249,HND,2024
Hungary,20.0,19.378612220867254,18.962312174817896,12.56489329260515,17.74282060566162,88.64863829395192,HUN,2024
Iceland,20.0,20.0,19.36830280957336,19.45757003121748,20.0,98.82587284079084,ISL,2024
India,20.0,20.0,18.492590842872005,20.0,20.0,98.492590842872,IND,2024
Indonesia,20.0,20.0,20.0,20.0,20.0,100.0,IDN,2024
"Iran, Islamic Rep.",17.79336163265306,14.491320283734474,16.716129032258063,10.270216024973989,6.251122778143516,65.5221497517631,IRN,2024
Iraq,11.206002201749271,9.596250129156587,15.770032693766574,8.382456037863786,8.11382335239741,53.06856441493363,IRQ,2024
Ireland,20.0,13.520411414982169,19.665560477325364,17.70195486744319,20.0,90.88792675975073,IRL,2024
Israel,19.27077919440233,17.8674496764935,18.34130963713873,18.278577088650938,20.0,93.75811559668551,ISR,2024
Italy,20.0,20.0,20.0,20.0,20.0,100.0,ITA,2024
Jamaica,16.407023673469386,6.582040641272706,15.818134378839249,8.092928168641539,11.1283170006309,58.02844386285378,JAM,2024
Japan,20.0,19.59738427979827,20.0,19.06384656842671,18.91185143364604,97.57308228187102,JPN,2024
Jordan,20.0,19.378612220867254,19.21875650364204,20.0,20.0,98.5973687245093,JOR,2024
Kazakhstan,20.0,19.378612220867254,18.303120707596253,16.37159031922393,20.0,94.05332324768744,KAZ,2024
Kenya,19.51871673469388,19.07304529317492,20.0,20.0,20.0,98.5917620278688,KEN,2024
Kiribati,16.79625674542274,10.490128844971093,14.338743560135612,2.409303899835521,11.595551133832569,55.629984184197525,KIR,2024
"Korea, Dem. People's Rep.",0.0,0.0,2.0012008324661816,1.924899063475548,2.257179394338381,6.18327929028011,PRK,2024
"Korea, Rep.",20.0,20.0,20.0,20.0,20.0,100.0,KOR,2024
Kuwait,16.901928163265303,5.803057076550905,11.876913422174482,12.31527775073009,13.835484513523152,60.73266092624394,KWT,2024
Kyrgyz Republic,16.714257959183673,14.869305801460326,16.319337148803328,5.537793857205198,12.16269167105552,65.60338643770805,KGZ,2024
Lao PDR,10.381015209795915,6.179424921070975,5.516689906347555,2.048955254942768,9.610664911125742,33.73675020328295,LAO,2024
Latvia,20.0,14.893936003936204,19.34080853277836,14.11385442583331,14.280447662936142,82.62904662548401,LVA,2024
Lebanon,12.080342857142856,1.391486325802616,10.519519042663893,5.0332233976704375,3.359542132982225,32.384113756262025,LBN,2024
Lesotho,7.53758530612245,2.7519978347540226,3.846112382934443,5.273363579604579,11.17351373083796,30.58257283425345,LSO,2024
Liberia,8.154174844081632,0.0,2.7590718002081163,1.5623871488704637,8.869351217906518,21.344985011066733,LBR,2024
Libya,16.750581224489796,11.204621115741354,14.004310280957334,15.745515300057065,10.389335088874262,68.0943630101198,LBY,2024
Liechtenstein,18.7425783780758,7.151136044237797,3.615648283038502,9.035277265751404,13.430693125176338,51.97533309627984,LIE,2024
Lithuania,17.79336163265306,19.24726431095986,17.04598668188379,18.646787749857346,20.0,92.73340037535404,LTU,2024
Luxembourg,20.0,18.975996500665524,20.0,19.74051696149844,20.0,98.71651346216396,LUX,2024
Madagascar,13.545351536326532,2.877414982164092,4.022466181061394,5.420866828773791,5.837619815668203,31.70371934399401,MDG,2024
Malawi,18.156594285714284,16.057412295069504,17.365505723204993,12.256703890973784,16.58461017586758,80.42082637083016,MWI,2024
Malaysia,20.0,20.0,18.821964620187305,20.0,20.0,98.8219646201873,MYS,2024
Maldives,4.515894177959184,0.0,4.884992715920916,3.161115504682623,2.257179394338381,14.819181792901102,MDV,2024
Mali,12.355251407113702,4.55804085448358,2.8966690946930287,0.790871175858481,8.869351217906518,29.47018375005531,MLI,2024
Malta,20.0,20.0,18.68161706555671,16.991515125507707,17.74282060566162,93.41595279672605,MLT,2024
Marshall Islands,6.7536310614577255,0.0,1.8960686784599377,0.0770049155785304,5.509809084924293,14.236513740420488,MHL,2024
Mauritania,17.394711686530613,1.391486325802616,10.585032258064516,1.0876258064516129,8.869351217906518,39.32820729475588,MRT,2024
Mauritius,20.0,20.0,20.0,20.0,20.0,100.0,MUS,2024
Mexico,18.39269551020408,19.59738427979827,17.344138792924035,17.042530517807396,13.385496394969278,85.76224549570306,MEX,2024
"Micronesia, Fed. Sts.",2.805590204081633,0.0,1.8960686784599377,0.0770049155785304,3.993943383805136,8.772607181925238,FSM,2024
Moldova,18.28199752956268,6.6839772812257925,15.512001040582728,8.191173892786415,16.58461017586758,65.2537599200252,MDA,2024
Monaco,18.6045812244898,13.675167657550537,15.164989344432882,13.695850068007118,14.280447662936142,75.42103595741648,MCO,2024
Mongolia,19.179699591836737,6.637560470704006,13.616966304588637,10.438484699942936,6.493412019185556,56.36612308625787,MNG,2024
Montenegro,18.943598367346937,15.296551724137933,17.611881373569197,5.277643924675237,17.695837487068562,74.82551287679786,MNE,2024
Morocco,20.0,18.11754234050633,20.0,19.37613652445369,20.0,97.49367886496005,MAR,2024
Mozambique,13.923748571428568,11.832079729709182,15.792950052029138,7.932531734282167,16.58461017586758,66.06592026331663,MOZ,2024
Myanmar,15.341541224489797,10.90151683664358,13.064871904937732,14.273575066832269,20.0,73.58150503290338,MMR,2024
Namibia,5.663074285714286,3.5357083406453738,16.34848699271592,4.569186264308015,6.8074779460171175,36.92393382940071,NAM,2024
Nauru,10.473008679183671,0.0,1.0376878251821011,2.937547343023061,7.14786043449638,21.59610428188521,NRU,2024
Nepal,19.212995918367348,11.086756455443677,16.921135026014568,13.089326272229869,9.45202294742782,69.76223661948328,NPL,2024
Netherlands,20.0,20.0,20.0,19.217588345473462,20.0,99.21758834547347,NLD,2024
New Zealand,19.47179918367347,15.296551724137933,17.438297711389342,16.1331145680239,14.280447662936142,82.62021085016079,NZL,2024
Nicaragua,12.32703836734694,0.0,5.96896584941761,0.0,2.257179394338381,20.55318361110293,NIC,2024
Niger,16.78417602612245,1.391486325802616,10.715691987513008,3.981033812896513,8.991536866359448,41.86392501869403,NER,2024
Nigeria,19.51871673469388,18.884074670030166,16.574193548387097,13.14443999919439,14.280447662936142,82.40187261524167,NGA,2024
North Macedonia,19.212995918367348,8.886493047188374,19.465132154006245,9.038677537779868,9.282854180381833,65.88615283772367,MKD,2024
Norway,20.0,20.0,19.31275109395455,17.704776158705652,20.0,97.0175272526602,NOR,2024
Oman,19.58984979591837,18.392526553761662,20.0,19.02012310080226,20.0,97.00249945048228,OMN,2024
Pakistan,20.0,18.21224256837099,20.0,20.0,18.484134298880843,96.69637686725184,PAK,2024
Panama,14.017583673469389,14.491320283734474,13.14505019502534,7.1425887345842725,17.74282060566162,66.53936349247509,PAN,2024
Papua New Guinea,14.975824511253643,9.306038476362296,14.646965659427345,13.337539785304289,10.484501379451553,62.75086981179912,PNG,2024
Paraguay,17.806982857142856,8.470585017835912,17.664277438823806,14.191726280285994,16.8008862191017,74.93445781319026,PRY,2024
Peru,20.0,13.50879429250892,18.271072840790843,15.01253021167467,16.8008862191017,83.59328356407613,PER,2024
Philippines,20.0,19.10612128418549,19.51427927159209,17.16784349635796,17.695837487068562,93.4840815392041,PHL,2024
Poland,20.0,18.4420328705564,16.6588478251821,18.436016469940583,20.0,93.53689716567908,POL,2024
Portugal,20.0,20.0,20.0,19.856456191467224,20.0,99.85645619146725,PRT,2024
Qatar,20.0,20.0,20.0,20.0,20.0,100.0,QAT,2024
Romania,20.0,14.893936003936204,17.296170655567117,19.42858522372529,20.0,91.61869188322862,ROU,2024
Russian Federation,20.0,16.590858501783593,20.0,18.759137154711155,16.77399927113703,92.12399492763176,RUS,2024
Rwanda,20.0,18.975996500665524,19.34080853277836,19.75836786036051,20.0,98.0751728938044,RWA,2024
Samoa,10.986319205131196,4.55804085448358,11.35570010405827,6.979802156624486,9.343947004608296,43.22380932490583,WSM,2024
San Marino,16.11492408163265,0.0,2.0012008324661816,0.0,7.766988479262674,25.883113393361505,SMR,2024
Sao Tome and Principe,9.828598883265306,1.391486325802616,3.165413111342352,0.9624495317377736,5.093604674127716,20.441552526275764,STP,2024
Saudi Arabia,20.0,20.0,20.0,20.0,20.0,100.0,SAU,2024
Senegal,15.564319699591834,14.414335658805555,9.063830385015608,9.468201270987883,18.830969172015585,67.34165618641646,SEN,2024
Serbia,20.0,18.378615933412604,19.21875650364204,19.21785639958377,20.0,96.8152288366384,SRB,2024
Seychelles,16.745070225539358,3.167626634958383,10.18082414151925,6.0319406424759165,14.280447662936142,50.40590930742905,SYC,2024
Sierra Leone,17.29240326530612,1.391486325802616,18.8059406867846,7.113377060723037,12.023268268597764,56.62647560721413,SLE,2024
Singapore,20.0,20.0,20.0,19.856456191467224,20.0,99.85645619146725,SGP,2024
Slovak Republic,20.0,20.0,20.0,18.458302959685813,15.988142575002351,94.44644553468817,SVK,2024
Slovenia,20.0,19.22243246807736,18.158151320197373,19.09294450968413,20.0,96.47352829795886,SVN,2024
Solomon Islands,5.779285056559766,1.391486325802616,3.89726951092612,0.790871175858481,5.837619815668203,17.696531884815187,SLB,2024
Somalia,6.4918097772594745,4.78793859526836,10.644630593132153,4.288091571279918,11.17351373083796,37.38598426777786,SOM,2024
South Africa,20.0,18.5733807804638,14.841457003121748,12.831478075928972,20.0,86.24631585951451,ZAF,2024
South Sudan,12.470788271020409,4.55804085448358,7.213607700312174,1.2656699271592096,8.869351217906518,34.37745797088189,SSD,2024
Spain,20.0,20.0,20.0,19.74051696149844,20.0,99.74051696149844,ESP,2024
Sri Lanka,19.212995918367348,20.0,16.421958667382764,17.09926108207177,14.280447662936142,87.01466333075803,LKA,2024
St. Kitts and Nevis,13.35277783043732,1.7761403091557666,2.669985431841831,7.351851092746133,6.458534248820497,31.609288913001546,KNA,2024
St. Lucia,12.047046530612242,0.0,1.0376878251821011,5.11820059964419,7.974399949939654,26.17733490537819,LCA,2024
St. Vincent and the Grenadines,11.578085735743445,0.0,4.724261186264307,3.792338864757814,6.458534248820497,26.55322003558606,VCT,2024
Sudan,15.573102040816329,14.465294123729212,6.408613696754053,4.379628792051292,7.35348551678736,48.18012417013824,SDN,2024
Suriname,15.212896326530617,6.179424921070975,3.390768990634755,2.0274706557013875,7.974399949939654,34.784960843877386,SUR,2024
Sweden,20.0,20.0,19.31275109395455,20.0,20.0,99.31275109395456,SWE,2024
Switzerland,20.0,19.59738427979827,17.538976462018727,18.266175234131115,15.852161055205496,91.2546970311536,CHE,2024
Syrian Arab Republic,15.600344489795916,8.742834933781623,12.403188136014233,9.328778234500351,5.475329808428556,51.55047560252068,SYR,2024
Tajikistan,13.298357551020407,0.0,3.615648283038502,0.3560134236514384,8.094799210006583,25.36481846771693,TJK,2024
Tanzania,20.0,19.69443307230766,20.0,19.572129032258065,20.0,99.26656210456572,TZA,2024
Thailand,20.0,20.0,19.21875650364204,20.0,20.0,99.21875650364204,THA,2024
Timor-Leste,6.222380408163265,0.0,2.8966690946930287,1.0134509348460945,6.691855003291639,16.824355440994026,TLS,2024
Togo,20.0,15.296551724137933,19.139308012487,17.29428303850156,18.327336019653828,90.05747879478031,TGO,2024
Tonga,7.009411149620991,6.179424921070975,6.592520831794837,2.884073565842033,11.1265306122449,33.791961080573735,TON,2024
Trinidad and Tobago,8.87524746542274,6.984656361474436,16.20736776140445,13.02751472162734,11.1283170006309,56.22310331055986,TTO,2024
Tunisia,19.179699591836737,17.800761733870424,14.227211341680372,14.905791234131115,15.815146313364057,81.9286102148827,TUN,2024
Turkiye,20.0,20.0,20.0,20.0,20.0,100.0,TUR,2024
Turkmenistan,10.121913469387756,0.0,10.670800248397168,1.856643342754524,3.2059045582345846,25.85526161877404,TKM,2024
Tuvalu,7.279266718600583,0.0,3.565453694068678,2.3482595758450544,7.14607404611038,20.33905403462469,TUV,2024
Uganda,16.407023673469386,18.21224256837099,17.611881373569197,13.748885938974862,17.123274259949373,83.1033078143338,UGA,2024
Ukraine,19.42488163265306,17.354612434078128,15.969990634755463,14.603786709274615,16.58461017586758,83.93788158662886,UKR,2024
United Arab Emirates,20.0,20.0,20.0,20.0,20.0,100.0,ARE,2024
United Kingdom,20.0,20.0,20.0,20.0,20.0,100.0,GBR,2024
United States,20.0,20.0,20.0,19.856456191467224,20.0,99.85645619146725,USA,2024
Uruguay,19.146727784489794,20.0,19.51427927159209,19.453429344432884,16.58461017586758,94.69904657638236,URY,2024
Uzbekistan,19.58984979591837,16.222911246873593,15.750968282367154,17.636962983988454,20.0,89.20069230914757,UZB,2024
Vanuatu,15.634546788571429,14.491320283734474,17.365505723204993,5.616763500386024,16.1799717859494,69.28810808184633,VUT,2024
"Venezuela, RB",15.01463183673469,4.55804085448358,12.229717397200496,4.769708098687524,3.9266826702051794,40.49878085731147,VEN,2024
Viet Nam,20.0,20.0,20.0,19.74051696149844,20.0,99.74051696149844,VNM,2024
West Bank and Gaza,14.241248979591838,9.596250129156587,2.3805754422476584,8.95905676694304,2.4645908650153614,37.64172218295448,PSE,2024
"Yemen, Rep.",5.292220408163265,1.90265258272172,0.0,0.0,0.0,7.194872990884985,YEM,2024
Zambia,20.0,17.61548499171412,20.0,14.966142767950052,20.0,92.58162775966416,ZMB,2024
Zimbabwe,16.302892760816327,1.391486325802616,7.381670135275755,6.810314255983353,7.974399949939654,39.8607634278177,ZWE,2024
