"0","nrow(gci_data)  # 194 countries"
"1","[1]"
"1"," 194"
"1","
"
"0","summary(gci_data)"
"1",""
"1","   country         "
"1","     legal      "
"1","   technical     "
"1"," organizational  "
"1","    capacity     "
"1","  cooperation    "
"1","      gci         "
"1","
"
"1"," Length:194        "
"1"," Min.   : 0.00  "
"1"," Min.   : 0.000  "
"1"," Min.   : 0.000  "
"1"," Min.   : 0.000  "
"1"," Min.   : 0.000  "
"1"," Min.   :  2.205  "
"1","
"
"1"," Class :character  "
"1"," 1st Qu.:13.67  "
"1"," 1st Qu.: 3.536  "
"1"," 1st Qu.: 7.233  "
"1"," 1st Qu.: 4.921  "
"1"," 1st Qu.: 8.439  "
"1"," 1st Qu.: 38.037  "
"1","
"
"1"," Mode  :character  "
"1"," Median :18.18  "
"1"," Median :14.440  "
"1"," Median :15.781  "
"1"," Median :12.115  "
"1"," Median :14.280  "
"1"," Median : 70.395  "
"1","
"
"1","                   "
"1"," Mean   :16.08  "
"1"," Mean   :11.404  "
"1"," Mean   :13.428  "
"1"," Mean   :11.394  "
"1"," Mean   :13.486  "
"1"," Mean   : 65.792  "
"1","
"
"1","                   "
"1"," 3rd Qu.:20.00  "
"1"," 3rd Qu.:18.976  "
"1"," 3rd Qu.:19.334  "
"1"," 3rd Qu.:18.613  "
"1"," 3rd Qu.:20.000  "
"1"," 3rd Qu.: 94.021  "
"1","
"
"1","                   "
"1"," Max.   :20.00  "
"1"," Max.   :20.000  "
"1"," Max.   :20.000  "
"1"," Max.   :20.000  "
"1"," Max.   :20.000  "
"1"," Max.   :100.000  "
"1","
"
"1",""
"1","     iso3          "
"1","      year     "
"1","
"
"1"," Length:194        "
"1"," Min.   :2024  "
"1","
"
"1"," Class :character  "
"1"," 1st Qu.:2024  "
"1","
"
"1"," Mode  :character  "
"1"," Median :2024  "
"1","
"
"1","                   "
"1"," Mean   :2024  "
"1","
"
"1","                   "
"1"," 3rd Qu.:2024  "
"1","
"
"1","                   "
"1"," Max.   :2024  "
"1","
"
"0","# Each pillar ranges from 0 to 20; overall GCI ranges from 0 to 100."
"0","gci_components <- c(""legal"", ""technical"", ""organizational"","
"0","                    ""capacity"", ""cooperation"")"
"0","stopifnot("
"0","  nrow(gci_data) == 194L,"
"0","  !anyDuplicated(gci_data$iso3),"
"0","  all(gci_data$year == 2024),"
"0","  !anyNA(gci_data[, c(gci_components, ""gci"")]),"
"0","  all(as.matrix(gci_data[gci_components]) >= 0),"
"0","  all(as.matrix(gci_data[gci_components]) <= 20 + 1e-10),"
"0","  all(gci_data$gci >= 0 & gci_data$gci <= 100 + 1e-10),"
"0","  all(abs(rowSums(gci_data[gci_components]) - gci_data$gci) < 1e-8)"
"0",")"
"0",""
"0","#showing on the plane"
"0","gci_scatterplots <- function() {"
"0","  old_par <- par(no.readonly = TRUE)"
"0","  on.exit(par(old_par))"
"0","  par(mfrow = c(2, 3), mar = c(4.2, 4.2, 2.5, 1),"
"0","      oma = c(0, 0, 2, 0), mgp = c(2.6, 0.8, 0),"
"0","      pch = 19, col = ""#245B8680"", cex = 0.85)"
"0",""
"0","  plot(gci_data$legal, gci_data$gci,"
"0","       xlab = ""Legal measures (0-20)"", ylab = ""Overall GCI (0-100)"","
"0","       main = ""Legal measures"", xlim = c(0, 20), ylim = c(0, 100))"
"0",""
"0","  plot(gci_data$technical, gci_data$gci,"
"0","       xlab = ""Technical measures (0-20)"", ylab = ""Overall GCI (0-100)"","
"0","       main = ""Technical measures"", xlim = c(0, 20), ylim = c(0, 100))"
"0",""
"0","  plot(gci_data$organizational, gci_data$gci,"
"0","       xlab = ""Organizational measures (0-20)"","
"0","       ylab = ""Overall GCI (0-100)"", main = ""Organizational measures"","
"0","       xlim = c(0, 20), ylim = c(0, 100))"
"0",""
"0","  plot(gci_data$capacity, gci_data$gci,"
"0","       xlab = ""Capacity development (0-20)"", ylab = ""Overall GCI (0-100)"","
"0","       main = ""Capacity development"", xlim = c(0, 20), ylim = c(0, 100))"
"0",""
"0","  plot(gci_data$cooperation, gci_data$gci,"
"0","       xlab = ""Cooperation (0-20)"", ylab = ""Overall GCI (0-100)"","
"0","       main = ""Cooperation"", xlim = c(0, 20), ylim = c(0, 100))"
"0",""
"0","  mtext(""Global Cybersecurity Index 2024 | 194 countries"","
"0","        outer = TRUE, cex = 1.05, col = ""black"")"
"0","}"
"0",""
"0","gci_scatterplots()"
